n,block_time,dense_time
100,0.010072540491819382,0.14812620729207993
250,0.00874883309006691,1.3346977066248655
500,0.026653291657567024,6.241167875006795
750,0.0678618736565113,17.82280133292079
1000,0.14566520787775517,37.93393283337355
1500,0.22695179097354412,116.29722649976611
2000,0.3139462899416685,275.7925450820476
